{
  "coverage_target_90": 0.9,
  "coverage_achieved_90": 0.9093772716258783,
  "mean_width_90": 213.59248460343846,
  "method": "quantile_regression",
  "quantiles": [
    0.05,
    0.1,
    0.5,
    0.9,
    0.95
  ]
}